{
  "hash": "ea059c2b",
  "configHash": "a3185635",
  "lockfileHash": "277a305f",
  "browserHash": "dce0d4fd",
  "optimized": {
    "@angular/common": {
      "src": "../../../../../../node_modules/@angular/common/fesm2022/common.mjs",
      "file": "@angular_common.js",
      "fileHash": "fcb74535",
      "needsInterop": false
    },
    "@angular/core": {
      "src": "../../../../../../node_modules/@angular/core/fesm2022/core.mjs",
      "file": "@angular_core.js",
      "fileHash": "808fb7ce",
      "needsInterop": false
    },
    "@angular/forms": {
      "src": "../../../../../../node_modules/@angular/forms/fesm2022/forms.mjs",
      "file": "@angular_forms.js",
      "fileHash": "24bf6927",
      "needsInterop": false
    },
    "@angular/platform-browser": {
      "src": "../../../../../../node_modules/@angular/platform-browser/fesm2022/platform-browser.mjs",
      "file": "@angular_platform-browser.js",
      "fileHash": "b3f8cfa4",
      "needsInterop": false
    },
    "@angular/router": {
      "src": "../../../../../../node_modules/@angular/router/fesm2022/router.mjs",
      "file": "@angular_router.js",
      "fileHash": "eb1b3893",
      "needsInterop": false
    },
    "aos": {
      "src": "../../../../../../node_modules/aos/dist/aos.js",
      "file": "aos.js",
      "fileHash": "57b50717",
      "needsInterop": true
    },
    "bootstrap": {
      "src": "../../../../../../node_modules/bootstrap/dist/js/bootstrap.esm.js",
      "file": "bootstrap.js",
      "fileHash": "5037ceb7",
      "needsInterop": false
    }
  },
  "chunks": {
    "chunk-K7POSCJG": {
      "file": "chunk-K7POSCJG.js"
    },
    "chunk-WKT5J2CP": {
      "file": "chunk-WKT5J2CP.js"
    },
    "chunk-AFY2XRRH": {
      "file": "chunk-AFY2XRRH.js"
    },
    "chunk-CX3I3NQG": {
      "file": "chunk-CX3I3NQG.js"
    }
  }
}