{
  "hash": "32014389",
  "configHash": "a3185635",
  "lockfileHash": "c8026cff",
  "browserHash": "cb1cd296",
  "optimized": {
    "@angular/common": {
      "src": "../../../../../../node_modules/@angular/common/fesm2022/common.mjs",
      "file": "@angular_common.js",
      "fileHash": "7436e43b",
      "needsInterop": false
    },
    "@angular/core": {
      "src": "../../../../../../node_modules/@angular/core/fesm2022/core.mjs",
      "file": "@angular_core.js",
      "fileHash": "2c0b8d67",
      "needsInterop": false
    },
    "@angular/forms": {
      "src": "../../../../../../node_modules/@angular/forms/fesm2022/forms.mjs",
      "file": "@angular_forms.js",
      "fileHash": "046cc259",
      "needsInterop": false
    },
    "@angular/platform-browser": {
      "src": "../../../../../../node_modules/@angular/platform-browser/fesm2022/platform-browser.mjs",
      "file": "@angular_platform-browser.js",
      "fileHash": "4d53564c",
      "needsInterop": false
    },
    "@angular/router": {
      "src": "../../../../../../node_modules/@angular/router/fesm2022/router.mjs",
      "file": "@angular_router.js",
      "fileHash": "d7789f3c",
      "needsInterop": false
    },
    "aos": {
      "src": "../../../../../../node_modules/aos/dist/aos.js",
      "file": "aos.js",
      "fileHash": "e044d1a5",
      "needsInterop": true
    },
    "bootstrap": {
      "src": "../../../../../../node_modules/bootstrap/dist/js/bootstrap.esm.js",
      "file": "bootstrap.js",
      "fileHash": "726f158f",
      "needsInterop": false
    }
  },
  "chunks": {
    "chunk-K7POSCJG": {
      "file": "chunk-K7POSCJG.js"
    },
    "chunk-WKT5J2CP": {
      "file": "chunk-WKT5J2CP.js"
    },
    "chunk-AFY2XRRH": {
      "file": "chunk-AFY2XRRH.js"
    },
    "chunk-CX3I3NQG": {
      "file": "chunk-CX3I3NQG.js"
    }
  }
}